{"cameraMode":{"drawMode":0,"name":"Shaded","section":"Shading Mode"},"sceneLighting":false,"audioPlay":false,"sceneViewState":{"showFog":true,"showMaterialUpdate":false,"showSkybox":false,"showFlares":true,"showImageEffects":true,"showParticleSystems":true},"in2DMode":false,"pivot":{"x":-0.018999993801116945,"y":0.0,"z":0.3500000238418579},"rotation":{"x":0.29994824528694155,"y":-0.22471578419208527,"z":0.07293308526277542,"w":0.9242479205131531},"size":1.4289418458938599,"orthographic":false}