{"cameraMode":{"drawMode":0,"name":"Shaded","section":"Shading Mode"},"sceneLighting":false,"audioPlay":false,"sceneViewState":{"showFog":true,"showMaterialUpdate":false,"showSkybox":false,"showFlares":true,"showImageEffects":true,"showParticleSystems":true},"in2DMode":false,"pivot":{"x":-13.914274215698243,"y":-4.86814546585083,"z":14.713203430175782},"rotation":{"x":0.1249944269657135,"y":-0.37259483337402346,"z":0.050735387951135638,"w":0.918150007724762},"size":31.238157272338868,"orthographic":false}