{"cameraMode":{"drawMode":0,"name":"Shaded","section":"Shading Mode"},"sceneLighting":false,"audioPlay":false,"sceneViewState":{"showFog":true,"showMaterialUpdate":false,"showSkybox":false,"showFlares":true,"showImageEffects":true,"showParticleSystems":true},"in2DMode":false,"pivot":{"x":1.836241602897644,"y":1.331097960472107,"z":-2.867704153060913},"rotation":{"x":0.17760339379310609,"y":-0.27912765741348269,"z":0.05262496694922447,"w":0.9422310590744019},"size":0.00005715767838410102,"orthographic":false}