{"cameraMode":{"drawMode":0,"name":"Shaded","section":"Shading Mode"},"sceneLighting":true,"audioPlay":false,"sceneViewState":{"showFog":true,"showMaterialUpdate":false,"showSkybox":true,"showFlares":true,"showImageEffects":true,"showParticleSystems":true},"in2DMode":false,"pivot":{"x":-0.21987907588481904,"y":0.5571539402008057,"z":-0.7923398017883301},"rotation":{"x":0.1635483205318451,"y":0.1092585101723671,"z":-0.018217135220766069,"w":0.9803093671798706},"size":0.1641467809677124,"orthographic":false}